Model,Observed,Predicted
RF,140.00000000000003,123.19868951820959
RF,109.99999999999997,111.3726716994239
RF,104.99999999999997,114.21905793031
RF,129.99999999999994,117.31731932035956
RF,97.99999999999999,113.61533773434586
RF,155,117.97663679107396
RF,64.99999999999997,106.95341633890689
RF,89.99999999999997,124.00973664890314
RF,100.00000000000003,121.44870808189205
RF,148,121.17228928125074
RF,104.99999999999997,128.0283026710456
RF,150,108.58293295593829
RF,185.00000000000009,109.88728811299907
RF,89.99999999999997,102.10236176979727
RF,109.99999999999997,121.92176200052657
RF,100.99999999999996,103.46439744759148
RF,109.99999999999997,114.24077906039874
RF,109.99999999999997,120.271240986339
RF,100.00000000000003,121.15093505337535
RF,100.00000000000003,110.24213212058604
RF,129.99999999999994,112.48342454085545
RF,100.00000000000003,109.95641738040864
RF,109.99999999999997,124.56175037879123
RF,89.99999999999997,136.62440144079113
RF,70,117.92493114629431
RF,89.99999999999997,116.61183729402353
RF,165.00000000000006,101.82167063001721
RF,165.00000000000006,112.28591859767627
RF,140.00000000000003,113.61786179770723
RF,140.00000000000003,111.35803770130691
RF,120.00000000000003,104.24527694306606
RF,155,133.7286085675147
RF,109.99999999999997,104.74746139979983
RF,97.00000000000004,122.35660155818447
RF,140.00000000000003,116.15989260176269
RF,200,121.42001756086117
RF,180.00000000000006,148.26779745630148
RF,143,134.76174567109211
RF,120.00000000000003,157.29070738133177
RF,165.00000000000006,140.60646559451735
RF,135.00000000000006,127.30892856276733
RF,150,107.65858776704373
RF,50,126.53138377160185
RF,32,148.91922324270334
RF,174.99999999999991,141.2366538540105
RF,180.00000000000006,156.30326611609465
RF,170.00000000000009,133.35865023227254
RF,70,131.05622124967536
RF,180.00000000000006,159.13075282046194
RF,89.99999999999997,112.75165631971493
RF,109.99999999999997,109.86065886621071
RF,109.99999999999997,122.36102585019441
RF,150,109.8002016794579
RF,160.00000000000003,114.32444637409472
RF,80.00000000000003,117.47231742392945
RF,100.00000000000003,170.67643848225535
RF,129.99999999999994,118.82942829337934
RF,135.00000000000006,140.86338512450973
RF,180.00000000000006,132.65287017729054
RF,104.99999999999997,136.84541837355854
RF,150,104.03685360778523
RF,155,118.29354558891939
RF,78,127.82435488283012
RF,185.00000000000009,114.7497825226216
RF,180.00000000000006,166.7241719877684
RF,151.99999999999997,150.19383510955296
RF,210.00000000000003,154.6646150233811
RF,194.99999999999991,172.26755084513837
RF,150,173.60221319549728
RF,145,156.37789435808835
RF,180.00000000000006,168.0269243304038
RF,185.00000000000009,172.3377785234559
RF,180.00000000000006,148.15705227336923
RF,165.00000000000006,141.41524273961988
RF,200,140.6660536995844
RF,185.00000000000009,146.04879871409264
RF,180.00000000000006,143.3693260288261
RF,160.00000000000003,163.1518745376788
RF,180.00000000000006,164.51226035362637
RF,180.00000000000006,167.77487969487964
RF,129.99999999999994,105.80296148996449
RF,89.99999999999997,107.22649910226029
RF,89.99999999999997,101.79024159524593
RF,140.00000000000003,106.36538402807425
RF,140.00000000000003,108.25842812095694
RF,80.00000000000003,90.66499443737025
RF,70,98.22918918328156
RF,94.99999999999999,104.66368401768545
XGBoost,140.00000000000003,126.34221282791825
XGBoost,109.99999999999997,124.73296440966574
XGBoost,104.99999999999997,102.96863030454784
XGBoost,129.99999999999994,110.33572245656431
XGBoost,97.99999999999999,128.4087596609391
XGBoost,155,123.96461112798158
XGBoost,64.99999999999997,81.91284004260302
XGBoost,89.99999999999997,143.1381574545384
XGBoost,100.00000000000003,123.72077781785168
XGBoost,148,130.29511885886305
XGBoost,104.99999999999997,142.8809230745809
XGBoost,150,91.89876511345918
XGBoost,185.00000000000009,121.9454640379235
XGBoost,89.99999999999997,134.53129535526313
XGBoost,109.99999999999997,131.55608063666187
XGBoost,100.99999999999996,69.64285869123046
XGBoost,109.99999999999997,120.10593621663095
XGBoost,109.99999999999997,117.99158000825051
XGBoost,100.00000000000003,119.40701786138186
XGBoost,100.00000000000003,105.34002170532847
XGBoost,129.99999999999994,122.66695976605722
XGBoost,100.00000000000003,135.51347405380153
XGBoost,109.99999999999997,139.12995043897715
XGBoost,89.99999999999997,151.96506183878162
XGBoost,70,107.31904634760325
XGBoost,89.99999999999997,118.60999773464079
XGBoost,165.00000000000006,86.98662132225202
XGBoost,165.00000000000006,86.02795934277168
XGBoost,140.00000000000003,126.95344035237736
XGBoost,140.00000000000003,107.12712818617827
XGBoost,120.00000000000003,92.0954327751764
XGBoost,155,150.1939950087276
XGBoost,109.99999999999997,95.46746111408454
XGBoost,97.00000000000004,127.35737222487602
XGBoost,140.00000000000003,129.64394217664255
XGBoost,200,122.1454203475804
XGBoost,180.00000000000006,139.5587154697673
XGBoost,143,124.8339677444226
XGBoost,120.00000000000003,124.05354771370781
XGBoost,165.00000000000006,139.05994144568902
XGBoost,135.00000000000006,164.65505213034265
XGBoost,150,118.63988754215899
XGBoost,50,52.28456671823438
XGBoost,32,138.64095431133666
XGBoost,174.99999999999991,161.5128203562783
XGBoost,180.00000000000006,175.19162980062893
XGBoost,170.00000000000009,157.00042953787732
XGBoost,70,126.05611139381928
XGBoost,180.00000000000006,158.26075258779292
XGBoost,89.99999999999997,116.232003941768
XGBoost,109.99999999999997,114.31816601224392
XGBoost,109.99999999999997,121.68638055768314
XGBoost,150,135.40669543802065
XGBoost,160.00000000000003,122.25509998479252
XGBoost,80.00000000000003,105.06696142593059
XGBoost,100.00000000000003,177.64676916242558
XGBoost,129.99999999999994,98.66383031380717
XGBoost,135.00000000000006,165.02149874732382
XGBoost,180.00000000000006,154.8890825196589
XGBoost,104.99999999999997,112.81158036495133
XGBoost,150,92.8711451987534
XGBoost,155,96.2422859944857
XGBoost,78,83.58952330912248
XGBoost,185.00000000000009,138.86092776157517
XGBoost,180.00000000000006,149.4351601387994
XGBoost,151.99999999999997,173.42256745106025
XGBoost,210.00000000000003,139.76529987841437
XGBoost,194.99999999999991,193.49727780789456
XGBoost,150,162.04754156783454
XGBoost,145,96.8548837655111
XGBoost,180.00000000000006,182.13807271714344
XGBoost,185.00000000000009,196.53802755360815
XGBoost,180.00000000000006,127.21955013318343
XGBoost,165.00000000000006,135.23145007214674
XGBoost,200,151.60712986931836
XGBoost,185.00000000000009,155.78349440435295
XGBoost,180.00000000000006,165.02838626429727
XGBoost,160.00000000000003,155.9220862668324
XGBoost,180.00000000000006,179.29628686572394
XGBoost,180.00000000000006,179.62043431023795
XGBoost,129.99999999999994,104.51237646651909
XGBoost,89.99999999999997,104.794551864887
XGBoost,89.99999999999997,85.78185038879101
XGBoost,140.00000000000003,119.78545642251184
XGBoost,140.00000000000003,114.06736399253973
XGBoost,80.00000000000003,92.45770346052409
XGBoost,70,74.79801243083391
XGBoost,94.99999999999999,108.15371625764652
Cubist,140.00000000000003,129.61964903997892
Cubist,109.99999999999997,122.38835069930298
Cubist,104.99999999999997,127.83437444106013
Cubist,129.99999999999994,125.76902063624279
Cubist,97.99999999999999,122.00011464874315
Cubist,155,126.20311517698138
Cubist,64.99999999999997,128.4167818072547
Cubist,89.99999999999997,128.05480015788794
Cubist,100.00000000000003,116.60001484319098
Cubist,148,127.51397030204708
Cubist,104.99999999999997,135.13274631572227
Cubist,150,117.07104122381594
Cubist,185.00000000000009,119.38043786347332
Cubist,89.99999999999997,115.29645950360964
Cubist,109.99999999999997,131.98988785651895
Cubist,100.99999999999996,121.83670423545306
Cubist,109.99999999999997,121.86458819777341
Cubist,109.99999999999997,111.24126126125479
Cubist,100.00000000000003,126.3501068674418
Cubist,100.00000000000003,123.06155988087578
Cubist,129.99999999999994,118.22574751853107
Cubist,100.00000000000003,106.68909579941126
Cubist,109.99999999999997,122.99721358182974
Cubist,89.99999999999997,134.67380672066702
Cubist,70,130.28297378069612
Cubist,89.99999999999997,119.8455429415486
Cubist,165.00000000000006,117.09564717571098
Cubist,165.00000000000006,118.18300303017458
Cubist,140.00000000000003,119.96805524685227
Cubist,140.00000000000003,109.13809854287777
Cubist,120.00000000000003,97.77881019553708
Cubist,155,134.30748539766017
Cubist,109.99999999999997,127.58452321347366
Cubist,97.00000000000004,126.4438404267974
Cubist,140.00000000000003,117.83100188859562
Cubist,200,135.16228500408738
Cubist,180.00000000000006,141.87673281260223
Cubist,143,131.68768106972993
Cubist,120.00000000000003,157.3339366105244
Cubist,165.00000000000006,138.6615308999135
Cubist,135.00000000000006,126.13877631620299
Cubist,150,114.641066798353
Cubist,50,140.48567927176686
Cubist,32,147.02867512765508
Cubist,174.99999999999991,147.24927808750243
Cubist,180.00000000000006,157.09440704871335
Cubist,170.00000000000009,144.5226028941993
Cubist,70,137.8105754428456
Cubist,180.00000000000006,183.34311606971596
Cubist,89.99999999999997,118.2498548925025
Cubist,109.99999999999997,111.28226568528532
Cubist,109.99999999999997,136.14838243132323
Cubist,150,114.97996862330244
Cubist,160.00000000000003,111.10903577877455
Cubist,80.00000000000003,133.2145091908106
Cubist,100.00000000000003,251.6701648330264
Cubist,129.99999999999994,135.1125598223127
Cubist,135.00000000000006,140.37453958883168
Cubist,180.00000000000006,155.3574179721086
Cubist,104.99999999999997,154.99950716611534
Cubist,150,85.55401757320115
Cubist,155,92.86640062614893
Cubist,78,131.28229533423016
Cubist,185.00000000000009,122.99396166813011
Cubist,180.00000000000006,155.8918593606183
Cubist,151.99999999999997,160.82568188968432
Cubist,210.00000000000003,156.47189799332017
Cubist,194.99999999999991,160.9033279968098
Cubist,150,168.2241479595759
Cubist,145,59.07443595397181
Cubist,180.00000000000006,177.1411439298024
Cubist,185.00000000000009,164.07462242496945
Cubist,180.00000000000006,139.55254943212032
Cubist,165.00000000000006,147.71607566935813
Cubist,200,126.57182541108068
Cubist,185.00000000000009,151.53379659448805
Cubist,180.00000000000006,135.95748946734756
Cubist,160.00000000000003,168.56848936057415
Cubist,180.00000000000006,190.7095459891853
Cubist,180.00000000000006,193.47576249921423
Cubist,129.99999999999994,98.30529478090303
Cubist,89.99999999999997,118.93685190871184
Cubist,89.99999999999997,101.53050168503633
Cubist,140.00000000000003,98.96772972744989
Cubist,140.00000000000003,110.2334669219736
Cubist,80.00000000000003,82.7699107758601
Cubist,70,93.53176260016883
Cubist,94.99999999999999,100.96712713635472
SVM,140.00000000000003,121.08203483919429
SVM,109.99999999999997,115.26502154613688
SVM,104.99999999999997,121.59960762245022
SVM,129.99999999999994,118.94600317281589
SVM,97.99999999999999,120.15637900719945
SVM,155,117.37703719654769
SVM,64.99999999999997,116.17319929143389
SVM,89.99999999999997,134.7009524575381
SVM,100.00000000000003,125.57747660790221
SVM,148,115.82076024191002
SVM,104.99999999999997,129.62531290391368
SVM,150,108.80326728905086
SVM,185.00000000000009,108.62617648820348
SVM,89.99999999999997,116.86176590530546
SVM,109.99999999999997,129.27743175859297
SVM,100.99999999999996,106.25659228904654
SVM,109.99999999999997,116.77383863777375
SVM,109.99999999999997,108.30147275053899
SVM,100.00000000000003,133.09993088950353
SVM,100.00000000000003,115.60043410953777
SVM,129.99999999999994,108.11682237782506
SVM,100.00000000000003,109.9987832576376
SVM,109.99999999999997,133.36212635355855
SVM,89.99999999999997,128.42155670395678
SVM,70,113.03288489647163
SVM,89.99999999999997,124.0150501948876
SVM,165.00000000000006,108.04062270767255
SVM,165.00000000000006,116.87290655733396
SVM,140.00000000000003,116.46284642138701
SVM,140.00000000000003,112.96352429048301
SVM,120.00000000000003,107.32649104941262
SVM,155,124.49026220884876
SVM,109.99999999999997,118.40559960279155
SVM,97.00000000000004,125.45267448516167
SVM,140.00000000000003,108.29533652119152
SVM,200,133.3103082957717
SVM,180.00000000000006,151.386009261446
SVM,143,154.43435356599974
SVM,120.00000000000003,160.85568211223622
SVM,165.00000000000006,159.53115195173987
SVM,135.00000000000006,132.67651843261825
SVM,150,127.74736859482597
SVM,50,136.35107046525457
SVM,32,160.53407642817507
SVM,174.99999999999991,166.4163282674841
SVM,180.00000000000006,160.32493478900753
SVM,170.00000000000009,134.83159370513343
SVM,70,149.87458254995767
SVM,180.00000000000006,158.52510319891059
SVM,89.99999999999997,109.56130059413714
SVM,109.99999999999997,114.4519903046113
SVM,109.99999999999997,129.44652753940156
SVM,150,109.36916022877591
SVM,160.00000000000003,108.37990951443099
SVM,80.00000000000003,117.19747283043353
SVM,100.00000000000003,143.93307345956904
SVM,129.99999999999994,125.33036106090736
SVM,135.00000000000006,148.24272734311398
SVM,180.00000000000006,143.92208029982731
SVM,104.99999999999997,147.9484118727876
SVM,150,124.45017165351173
SVM,155,134.30032053737872
SVM,78,141.49153304343858
SVM,185.00000000000009,131.93115204564717
SVM,180.00000000000006,171.8387446114929
SVM,151.99999999999997,154.51193896574082
SVM,210.00000000000003,164.71232798887917
SVM,194.99999999999991,179.65872832799482
SVM,150,172.11656519662083
SVM,145,163.01522133430046
SVM,180.00000000000006,173.77018800611626
SVM,185.00000000000009,161.59612730262717
SVM,180.00000000000006,151.214256975047
SVM,165.00000000000006,176.94014513818172
SVM,200,142.37794208678588
SVM,185.00000000000009,174.03829253695343
SVM,180.00000000000006,148.56172422118235
SVM,160.00000000000003,155.00047508342058
SVM,180.00000000000006,155.15165630227372
SVM,180.00000000000006,159.19032116908232
SVM,129.99999999999994,102.38605231622448
SVM,89.99999999999997,106.76165872068437
SVM,89.99999999999997,112.75037036160356
SVM,140.00000000000003,116.34975135487016
SVM,140.00000000000003,110.20169410238456
SVM,80.00000000000003,125.88207135819982
SVM,70,133.83527546622537
SVM,94.99999999999999,103.3078217949215
Ensemble,140.00000000000003,124.66852257876005
Ensemble,109.99999999999997,122.50659796879322
Ensemble,104.99999999999997,105.618371992053
Ensemble,129.99999999999994,112.04326116156149
Ensemble,97.99999999999999,126.49617914504906
Ensemble,155,122.35896160491549
Ensemble,64.99999999999997,86.95525691047577
Ensemble,89.99999999999997,139.84547650292
Ensemble,100.00000000000003,126.5086209629061
Ensemble,148,127.12619025425407
Ensemble,104.99999999999997,137.66386486519673
Ensemble,150,96.78982102714691
Ensemble,185.00000000000009,119.97289441485329
Ensemble,89.99999999999997,130.3509346789627
Ensemble,109.99999999999997,128.90727862800279
Ensemble,100.99999999999996,76.48175323859283
Ensemble,109.99999999999997,119.82125403164643
Ensemble,109.99999999999997,120.89537093841591
Ensemble,100.00000000000003,121.37321240208495
Ensemble,100.00000000000003,107.23820012149199
Ensemble,129.99999999999994,121.21540932344811
Ensemble,100.00000000000003,134.34984201765266
Ensemble,109.99999999999997,138.20823733046103
Ensemble,89.99999999999997,145.85004180820806
Ensemble,70,107.9945068594452
Ensemble,89.99999999999997,120.56295104391329
Ensemble,165.00000000000006,91.72060153025289
Ensemble,165.00000000000006,93.14370317642175
Ensemble,140.00000000000003,125.42792331987003
Ensemble,140.00000000000003,112.0185375490289
Ensemble,120.00000000000003,100.8753188884512
Ensemble,155,143.54260448658118
Ensemble,109.99999999999997,97.94429186403191
Ensemble,97.00000000000004,126.73420451923883
Ensemble,140.00000000000003,127.30440614135814
Ensemble,200,121.3786675076451
Ensemble,180.00000000000006,139.51982428074103
Ensemble,143,128.93065460106897
Ensemble,120.00000000000003,126.142003289955
Ensemble,165.00000000000006,139.7673247087989
Ensemble,135.00000000000006,156.78366331827766
Ensemble,150,120.93427586427886
Ensemble,50,63.080605774005846
Ensemble,32,138.67748260635096
Ensemble,174.99999999999991,155.3704107827053
Ensemble,180.00000000000006,164.46721935324462
Ensemble,170.00000000000009,147.15432808919698
Ensemble,70,127.24439621582484
Ensemble,180.00000000000006,146.10935745862488
Ensemble,89.99999999999997,116.5239871622883
Ensemble,109.99999999999997,117.11294059154979
Ensemble,109.99999999999997,120.46763228316733
Ensemble,150,131.48332614776027
Ensemble,160.00000000000003,123.28578651235397
Ensemble,80.00000000000003,106.05760967120699
Ensemble,100.00000000000003,146.53090164690724
Ensemble,129.99999999999994,101.75217078723165
Ensemble,135.00000000000006,157.47475955329548
Ensemble,180.00000000000006,143.96649794723425
Ensemble,104.99999999999997,113.78395719142847
Ensemble,150,107.2836863641454
Ensemble,155,111.28716904654517
Ensemble,78,92.8081772974818
Ensemble,185.00000000000009,135.98486259567036
Ensemble,180.00000000000006,148.67940470181873
Ensemble,151.99999999999997,160.3254439301957
Ensemble,210.00000000000003,138.56319780639288
Ensemble,194.99999999999991,182.00139364565487
Ensemble,150,156.1392804639315
Ensemble,145,135.42705846748868
Ensemble,180.00000000000006,167.86174773811084
Ensemble,185.00000000000009,180.68158662002557
Ensemble,180.00000000000006,130.4419848277004
Ensemble,165.00000000000006,136.50218776129734
Ensemble,200,150.7819353073395
Ensemble,185.00000000000009,151.66934412988886
Ensemble,180.00000000000006,159.32954040838962
Ensemble,160.00000000000003,147.8756271072336
Ensemble,180.00000000000006,159.6020736686579
Ensemble,180.00000000000006,160.26830307637138
Ensemble,129.99999999999994,110.61670016418984
Ensemble,89.99999999999997,106.16799385405363
Ensemble,89.99999999999997,94.80498501236622
Ensemble,140.00000000000003,124.88895597581832
Ensemble,140.00000000000003,116.34171946997462
Ensemble,80.00000000000003,105.64681350246276
Ensemble,70,88.71424669764832
Ensemble,94.99999999999999,112.70777097041798
